{
  "ABIRoot": {
    "kind": "Root",
    "name": "TopLevel",
    "printedName": "TopLevel",
    "children": [
      {
        "kind": "Import",
        "name": "UIKit",
        "printedName": "UIKit",
        "declKind": "Import",
        "moduleName": "XIBLoadable_iOS",
        "declAttributes": [
          "RawDocComment"
        ]
      },
      {
        "kind": "TypeDecl",
        "name": "XIBLoadable",
        "printedName": "XIBLoadable",
        "children": [
          {
            "kind": "Function",
            "name": "load",
            "printedName": "load(from:)",
            "children": [
              {
                "kind": "TypeNominal",
                "name": "Bool",
                "printedName": "Swift.Bool",
                "usr": "s:Sb"
              },
              {
                "kind": "TypeNominal",
                "name": "String",
                "printedName": "Swift.String",
                "usr": "s:SS"
              }
            ],
            "declKind": "Func",
            "usr": "s:15XIBLoadable_iOS0A0P4load4fromSbSS_tF",
            "mangledName": "$s15XIBLoadable_iOS0A0P4load4fromSbSS_tF",
            "moduleName": "XIBLoadable_iOS",
            "genericSig": "<τ_0_0 where τ_0_0 : XIBLoadable_iOS.XIBLoadable>",
            "sugared_genericSig": "<Self where Self : XIBLoadable_iOS.XIBLoadable>",
            "protocolReq": true,
            "reqNewWitnessTableEntry": true,
            "funcSelfKind": "NonMutating"
          },
          {
            "kind": "Function",
            "name": "add",
            "printedName": "add(to:)",
            "children": [
              {
                "kind": "TypeNominal",
                "name": "Void",
                "printedName": "()"
              },
              {
                "kind": "TypeNominal",
                "name": "UIView",
                "printedName": "UIKit.UIView",
                "usr": "c:objc(cs)UIView"
              }
            ],
            "declKind": "Func",
            "usr": "s:15XIBLoadable_iOS0A0P3add2toySo6UIViewC_tF",
            "mangledName": "$s15XIBLoadable_iOS0A0P3add2toySo6UIViewC_tF",
            "moduleName": "XIBLoadable_iOS",
            "genericSig": "<τ_0_0 where τ_0_0 : XIBLoadable_iOS.XIBLoadable>",
            "sugared_genericSig": "<Self where Self : XIBLoadable_iOS.XIBLoadable>",
            "protocolReq": true,
            "reqNewWitnessTableEntry": true,
            "funcSelfKind": "NonMutating"
          },
          {
            "kind": "Function",
            "name": "load",
            "printedName": "load(from:)",
            "children": [
              {
                "kind": "TypeNominal",
                "name": "Bool",
                "printedName": "Swift.Bool",
                "usr": "s:Sb"
              },
              {
                "kind": "TypeNominal",
                "name": "String",
                "printedName": "Swift.String",
                "usr": "s:SS"
              }
            ],
            "declKind": "Func",
            "usr": "s:15XIBLoadable_iOS0A0PAASo6UIViewCRbzrlE4load4fromSbSS_tF",
            "mangledName": "$s15XIBLoadable_iOS0A0PAASo6UIViewCRbzrlE4load4fromSbSS_tF",
            "moduleName": "XIBLoadable_iOS",
            "genericSig": "<τ_0_0 where τ_0_0 : UIKit.UIView, τ_0_0 : XIBLoadable_iOS.XIBLoadable>",
            "sugared_genericSig": "<Self where Self : UIKit.UIView, Self : XIBLoadable_iOS.XIBLoadable>",
            "declAttributes": [
              "AccessControl",
              "DiscardableResult"
            ],
            "isFromExtension": true,
            "funcSelfKind": "NonMutating"
          },
          {
            "kind": "Function",
            "name": "add",
            "printedName": "add(to:)",
            "children": [
              {
                "kind": "TypeNominal",
                "name": "Void",
                "printedName": "()"
              },
              {
                "kind": "TypeNominal",
                "name": "UIView",
                "printedName": "UIKit.UIView",
                "usr": "c:objc(cs)UIView"
              }
            ],
            "declKind": "Func",
            "usr": "s:15XIBLoadable_iOS0A0PAASo6UIViewCRbzrlE3add2toyAE_tF",
            "mangledName": "$s15XIBLoadable_iOS0A0PAASo6UIViewCRbzrlE3add2toyAE_tF",
            "moduleName": "XIBLoadable_iOS",
            "genericSig": "<τ_0_0 where τ_0_0 : UIKit.UIView, τ_0_0 : XIBLoadable_iOS.XIBLoadable>",
            "sugared_genericSig": "<Self where Self : UIKit.UIView, Self : XIBLoadable_iOS.XIBLoadable>",
            "declAttributes": [
              "AccessControl"
            ],
            "isFromExtension": true,
            "funcSelfKind": "NonMutating"
          }
        ],
        "declKind": "Protocol",
        "usr": "s:15XIBLoadable_iOS0A0P",
        "mangledName": "$s15XIBLoadable_iOS0A0P",
        "moduleName": "XIBLoadable_iOS",
        "declAttributes": [
          "AccessControl"
        ]
      }
    ],
    "json_format_version": 8
  },
  "ConstValues": [
    {
      "filePath": "\/Users\/guilherme.freire\/projects\/XIBLoadable-iOS\/XIBLoadable.swift",
      "kind": "BooleanLiteral",
      "offset": 525,
      "length": 5,
      "value": "false"
    },
    {
      "filePath": "\/Users\/guilherme.freire\/projects\/XIBLoadable-iOS\/XIBLoadable.swift",
      "kind": "BooleanLiteral",
      "offset": 628,
      "length": 5,
      "value": "false"
    },
    {
      "filePath": "\/Users\/guilherme.freire\/projects\/XIBLoadable-iOS\/XIBLoadable.swift",
      "kind": "BooleanLiteral",
      "offset": 712,
      "length": 4,
      "value": "true"
    },
    {
      "filePath": "\/Users\/guilherme.freire\/projects\/XIBLoadable-iOS\/XIBLoadable.swift",
      "kind": "BooleanLiteral",
      "offset": 797,
      "length": 4,
      "value": "true"
    },
    {
      "filePath": "\/Users\/guilherme.freire\/projects\/XIBLoadable-iOS\/XIBLoadable.swift",
      "kind": "BooleanLiteral",
      "offset": 872,
      "length": 4,
      "value": "true"
    },
    {
      "filePath": "\/Users\/guilherme.freire\/projects\/XIBLoadable-iOS\/XIBLoadable.swift",
      "kind": "BooleanLiteral",
      "offset": 953,
      "length": 4,
      "value": "true"
    },
    {
      "filePath": "\/Users\/guilherme.freire\/projects\/XIBLoadable-iOS\/XIBLoadable.swift",
      "kind": "BooleanLiteral",
      "offset": 982,
      "length": 4,
      "value": "true"
    },
    {
      "filePath": "\/Users\/guilherme.freire\/projects\/XIBLoadable-iOS\/XIBLoadable.swift",
      "kind": "BooleanLiteral",
      "offset": 1124,
      "length": 5,
      "value": "false"
    },
    {
      "filePath": "\/Users\/guilherme.freire\/projects\/XIBLoadable-iOS\/XIBLoadable.swift",
      "kind": "BooleanLiteral",
      "offset": 1208,
      "length": 4,
      "value": "true"
    },
    {
      "filePath": "\/Users\/guilherme.freire\/projects\/XIBLoadable-iOS\/XIBLoadable.swift",
      "kind": "BooleanLiteral",
      "offset": 1293,
      "length": 4,
      "value": "true"
    },
    {
      "filePath": "\/Users\/guilherme.freire\/projects\/XIBLoadable-iOS\/XIBLoadable.swift",
      "kind": "BooleanLiteral",
      "offset": 1368,
      "length": 4,
      "value": "true"
    },
    {
      "filePath": "\/Users\/guilherme.freire\/projects\/XIBLoadable-iOS\/XIBLoadable.swift",
      "kind": "BooleanLiteral",
      "offset": 1449,
      "length": 4,
      "value": "true"
    }
  ]
}